Version.[Version Name];Geo.[Country];Time.[Month];Inventory;Orders;Shipment;GDP;GDPClean;CPI;Year;E-Atlantic;E-Gulf;E-Non-Coast;E-Pacific;WS-Atlantic;WS-Gulf;WS-Non-Coast;WS-Pacific;WO-Atlantic;WO-Gulf;WO-Non-Coast;WO-Pacific;Covid_Cases;Covid_Deaths;Comp_Perc;Mob_Perc;Holiday;Flights_DelayTime_Weather;Flights_DelayTime_Weather_3MONTHS_DELAY;Num_Flights
CurrentWorkingView;USA;1/9/03;40613;29200;34252;;2886905;84.93250572;2003;;;;;;;;;;;;;;;;;;2262.82;4188.7;527714
CurrentWorkingView;USA;1/10/03;41523;25617;29697;2994399;2994399;84.84078595;2003;;;;;;;;;;;;;;;;;;1643.1;5079.41;552370
CurrentWorkingView;USA;1/11/03;41504;23917;29797;;2994399;84.61148653;2003;;;;;;;;;;;;;;;;;;3381.05;5803.63;528171
CurrentWorkingView;USA;1/12/03;39779;32515;36087;;2994399;84.51976676;2003;;;;;;;;;;;;;;;;;;4448.94;2262.82;555495
CurrentWorkingView;USA;1/1/04;39734;21723;26158;2924602;2924602;84.93250572;2004;;;;;;;;;;;;;;;;;;7907.54;1643.1;583987
CurrentWorkingView;USA;1/2/04;39779;23689;28189;;2924602;85.39110456;2004;;;;;;;;;;;;;;;;;;5848.4;3381.05;553876
CurrentWorkingView;USA;1/3/04;38803;30018;33933;;2924602;85.94142317;2004;;;;;;;;;;;;;;;;;;3493.54;4448.94;601412
CurrentWorkingView;USA;1/4/04;39969;22149;27739;3032386;3032386;86.21658248;2004;;;;;;;;;;;;;;;;;;3129.09;7907.54;582970
CurrentWorkingView;USA;1/5/04;40238;22920;28511;;3032386;86.7210412;2004;;;;;;;;;;;;;;;;;;6590.67;5848.4;594457
CurrentWorkingView;USA;1/6/04;39510;27298;33568;;3032386;86.99620051;2004;;;;;;;;;;;;;;;;;;9338.61;3493.54;588792
CurrentWorkingView;USA;1/7/04;40420;19822;26985;3069688;3069688;86.85862086;2004;;;;;;;;;;;;;;;;;;6610.29;3129.09;614166
CurrentWorkingView;USA;1/8/04;40580;21588;29403;;3069688;86.90448074;2004;;;;;;;;;;;;;;;;;;6573.75;6590.67;623107
CurrentWorkingView;USA;1/9/04;39152;30105;34163;;3069688;87.08792028;2004;;;;;;;;;;;;;;;;;;3241.75;9338.61;585125
CurrentWorkingView;USA;1/10/04;40226;24019;29886;3190521;3190521;87.54651912;2004;;;;;;;;;;;;;;;;;;5146.37;6610.29;610037
CurrentWorkingView;USA;1/11/04;39986;23743;30785;;3190521;87.592379;2004;;;;;;;;;;;;;;;;;;5895.29;6573.75;584610
CurrentWorkingView;USA;1/12/04;37751;31715;36225;;3190521;87.27135981;2004;;;;;;;;;;;;;;;;;;7830.84;3241.75;606731
CurrentWorkingView;USA;1/1/05;39686;22298;26902;3111329;3111329;87.45479935;2005;;;;;;;;;;;;;;;;;;8202.75;5146.37;594923
CurrentWorkingView;USA;1/2/05;40342;23441;28033;;3111329;87.95925808;2005;;;;;;;;;;;;;;;;;;4773.6;5895.29;545332
CurrentWorkingView;USA;1/3/05;38906;30198;35114;;3111329;88.64715634;2005;;;;;;;;;;;;;;;;;;5427.3;7830.84;617540
CurrentWorkingView;USA;1/4/05;40114;21217;27592;3232051;3232051;89.24333484;2005;;;;;;;;;;;;;;;;;;3401.33;8202.75;594492
CurrentWorkingView;USA;1/5/05;41183;21628;28738;;3232051;89.15161507;2005;;;;;;;;;;;;;;;;;;3765.82;4773.6;614802
CurrentWorkingView;USA;1/6/05;40242;30354;34969;;3232051;89.19747495;2005;;;;;;;;;;;;;;;;;;6782.53;5427.3;609195
CurrentWorkingView;USA;1/7/05;42252;20186;26409;3306451;3306451;89.61021391;2005;;;;;;;;;;;;;;;;;;9527.63;3401.33;627961
CurrentWorkingView;USA;1/8/05;43170;23807;30219;;3306451;90.06881276;2005;;;;;;;;;;;;;;;;;;7231.91;3765.82;630904
CurrentWorkingView;USA;1/9/05;42601;29175;35637;;3306451;91.16944998;2005;;;;;;;;;;;;;;;;;;3157.29;6782.53;574253
CurrentWorkingView;USA;1/10/05;44236;23681;30175;3389367;3389367;91.35288952;2005;;;;;;;;;;;;;;;;;;4048.48;9527.63;592712
CurrentWorkingView;USA;1/11/05;45780;23618;30891;;3389367;90.61913137;2005;;;;;;;;;;;;;;;;;;3895.45;7231.91;566138
CurrentWorkingView;USA;1/12/05;43663;31902;38203;;3389367;90.25225229;2005;;;;;;;;;;;;;;;;;;6467.69;3157.29;572343
CurrentWorkingView;USA;1/1/06;45626;21815;26929;3333266;3333266;90.94015056;2006;;;;;;;;;;;;;;;;;;5039.17;4048.48;581287
CurrentWorkingView;USA;1/2/06;45359;24639;30523;;3333266;91.1235901;2006;;;;;;;;;;;;;;;;;;4862.9;3895.45;531247
CurrentWorkingView;USA;1/3/06;44386;33866;36984;;3333266;91.62804882;2006;;;;;;;;;;;;;;;;;;4929.66;6467.69;605217
CurrentWorkingView;USA;1/4/06;45941;24659;28851;3460990;3460990;92.40766686;2006;;;;;;;;;;;;;;;;;;4086.91;5039.17;585351
CurrentWorkingView;USA;1/5/06;46505;23337;30910;;3460990;92.8662657;2006;;;;;;;;;;;;;;;;;;4929.63;4862.9;602919
CurrentWorkingView;USA;1/6/06;45238;31584;37118;;3460990;93.04970524;2006;;;;;;;;;;;;;;;;;;7543.95;4929.66;598315
CurrentWorkingView;USA;1/7/06;46869;24710;28587;3463694;3463694;93.32486454;2006;;;;;;;;;;;;;;;;;;7164.72;4086.91;621244
CurrentWorkingView;USA;1/8/06;47913;25290;32018;;3463694;93.50830408;2006;;;;;;;;;;;;;;;;;;6245.33;4929.63;628732
CurrentWorkingView;USA;1/9/06;46412;33062;37052;;3463694;93.04970524;2006;;;;;;;;;;;;;;;;;;5401.02;7543.95;584937
CurrentWorkingView;USA;1/10/06;47556;25768;31624;3557633;3557633;92.54524651;2006;;;;;;;;;;;;;;;;;;5821.52;7164.72;611718
CurrentWorkingView;USA;1/11/06;48158;28569;32997;;3557633;92.40766686;2006;;;;;;;;;;;;;;;;;;4633.95;6245.33;586197
CurrentWorkingView;USA;1/12/06;45261;34499;37220;;3557633;92.54524651;2006;;;;;;;;;;;;;;;;;;5879.39;5401.02;604758
CurrentWorkingView;USA;1/1/07;47079;22271;29316;3482006;3482006;92.8277434;2007;;;;;;;;;;;;;;;;;;7031.83;5821.52;621559
CurrentWorkingView;USA;1/2/07;47359;26661;30277;;3482006;93.32440594;2007;;;;;;;;;;;;;;;;;;7810.05;4633.95;565604
CurrentWorkingView;USA;1/3/07;45422;29663;35992;;3482006;94.1741896;2007;;;;;;;;;;;;;;;;;;5114.39;5879.39;639209
CurrentWorkingView;USA;1/4/07;46281;23633;31188;3613882;3613882;94.78596046;2007;;;;;;;;;;;;;;;;;;4320.84;7031.83;614648
CurrentWorkingView;USA;1/5/07;46939;25068;30994;;3613882;95.36517079;2007;;;;;;;;;;;;;;;;;;4827.75;7810.05;631609
CurrentWorkingView;USA;1/6/07;45054;30002;36637;;3613882;95.54998613;2007;;;;;;;;;;;;;;;;;;8955;5114.39;629280
CurrentWorkingView;USA;1/7/07;44548;23438;28376;3637993;3637993;95.52568039;2007;;;;;;;;;;;;;;;;;;8536.13;4320.84;648560
CurrentWorkingView;USA;1/8/07;45238;26127;31976;;3637993;95.35049563;2007;;;;;;;;;;;;;;;;;;6724.55;4827.75;653279
CurrentWorkingView;USA;1/9/07;44798;32411;36542;;3637993;95.61327277;2007;;;;;;;;;;;;;;;;;;3335.62;8955;600187
CurrentWorkingView;USA;1/10/07;45773;26515;32720;3740350;3740350;95.81780785;2007;;;;;;;;;;;;;;;;;;4017.85;8536.13;629992
CurrentWorkingView;USA;1/11/07;46373;25674;33239;;3740350;96.38692902;2007;;;;;;;;;;;;;;;;;;3073.99;6724.55;605149
CurrentWorkingView;USA;1/12/07;44451;34291;38471;;3740350;96.32226658;2007;;;;;;;;;;;;;;;;;;8558.88;3335.62;616382
CurrentWorkingView;USA;1/1/08;45459;23468;31437;3657487;3657487;96.80104377;2008;;;;;;;;;;;;;;;;;;5357.61;4017.85;605765
CurrentWorkingView;USA;1/2/08;45913;25867;30206;;3657487;97.08216486;2008;;;;;;;;;;;;;;;;;;6781.73;3073.99;569236
CurrentWorkingView;USA;1/3/08;44423;31478;35350;;3657487;97.92369374;2008;;;;;;;;;;;;;;;;;;5745.9;8558.88;616090
CurrentWorkingView;USA;1/4/08;45389;23404;31045;3715835;3715835;98.51757924;2008;;;;;;;;;;;;;;;;;;3310.25;5357.61;598126
CurrentWorkingView;USA;1/5/08;45675;24911;31062;;3715835;99.34718455;2008;;;;;;;;;;;;;;;;;;3237.06;6781.73;606293
CurrentWorkingView;USA;1/6/08;43930;31893;35292;;3715835;100.3483058;2008;;;;;;;;;;;;;;;;;;6925.65;5745.9;608665
CurrentWorkingView;USA;1/7/08;44959;22331;30685;3698182;3698182;100.8752359;2008;;;;;;;;;;;;;;;;;;6339.75;3310.25;627931
CurrentWorkingView;USA;1/8/08;45558;24180;29793;;3698182;100.4725861;2008;;;;;;;;;;;;;;;;;;5036.51;3237.06;612279
CurrentWorkingView;USA;1/9/08;44043;31174;34768;;3698182;100.3336307;2008;;;;;;;;;;;;;;;;;;2171.46;6925.65;540908
CurrentWorkingView;USA;1/10/08;44788;23614;31367;3698360;3698360;99.32012722;2008;;;;;;;;;;;;;;;;;;1445.04;6339.75;556205
CurrentWorkingView;USA;1/11/08;44842;24036;28115;;3698360;97.41785921;2008;;;;;;;;;;;;;;;;;;1951.39;5036.51;523272
CurrentWorkingView;USA;1/12/08;42958;29873;33977;;3698360;96.41031756;2008;;;;;;;;;;;;;;;;;;8337.09;2171.46;544956
CurrentWorkingView;USA;1/1/09;43406;18065;24494;3522117;3522117;96.8299355;2009;;;;;;;;;;;;;;;;;;5083.91;1445.04;532339
CurrentWorkingView;USA;1/2/09;43759;21021;23697;;3522117;97.31146428;2009;;;;;;;;;;;;;;;;;;2090.65;1951.39;488410
CurrentWorkingView;USA;1/3/09;41389;26616;28653;;3522117;97.54810129;2009;;;;;;;;;;;;;;;;;;3463.87;8337.09;557422
CurrentWorkingView;USA;1/4/09;42290;18885;25301;3598010;3598010;97.79161727;2009;;;;;;;;;;;;;;;;;;3702.37;5083.91;537793
CurrentWorkingView;USA;1/5/09;42296;19139;23824;;3598010;98.07411416;2009;;;;;;;;;;;;;;;;;;3401.92;2090.65;546832
CurrentWorkingView;USA;1/6/09;40203;25038;28137;;3598010;98.91656023;2009;;;;;;;;;;;;;;;;;;4630.26;3463.87;557594
CurrentWorkingView;USA;1/7/09;40548;19738;26392;3623204;3623204;98.75971943;2009;;;;;;;;;;;;;;;;;;4320.66;3702.37;580134
CurrentWorkingView;USA;1/8/09;40793;20064;25910;;3623204;98.98122267;2009;;;;;;;;;;;;;;;;;;3912.54;3401.92;568301
CurrentWorkingView;USA;1/9/09;40175;26417;28712;;3623204;99.04313351;2009;;;;;;;;;;;;;;;;;;1897.5;4630.26;510852
CurrentWorkingView;USA;1/10/09;40821;21317;28349;3734738;3734738;99.13852207;2009;;;;;;;;;;;;;;;;;;2768.31;4320.66;531799
CurrentWorkingView;USA;1/11/09;41276;21096;26595;;3734738;99.2086877;2009;;;;;;;;;;;;;;;;;;1044.2;3912.54;509540
CurrentWorkingView;USA;1/12/09;40195;26996;29411;;3734738;99.03396154;2009;;;;;;;;;;;;;;;;;;5548.98;1897.5;529269
CurrentWorkingView;USA;1/1/10;40450;18708;26044;3602418;3602418;99.37240748;2010;;;;;;;;;;;;;;;51.3;;2;3406.5;2768.31;521809
CurrentWorkingView;USA;1/2/10;41050;19870;23614;;3602418;99.39717182;2010;;;;;;;;;;;;;;;51.3;;1;3621.08;1044.2;483270
CurrentWorkingView;USA;1/3/10;39589;26292;28081;;3602418;99.80532479;2010;;;;;;;;;;;;;;;51.3;;;2995.45;5548.98;549262
CurrentWorkingView;USA;1/4/10;40391;20391;27508;3755370;3755370;99.97867515;2010;;;;;;;;;;;;;;;51.3;;;1747.3;3406.5;529330
CurrentWorkingView;USA;1/5/10;41234;20313;25482;;3755370;100.0561784;2010;;;;;;;;;;;;;;;51.3;;1;3259.06;3621.08;542747
CurrentWorkingView;USA;1/6/10;41334;24654;27539;;3755370;99.9584968;2010;;;;;;;;;;;;;;;51.3;;;4091.14;2995.45;551687
CurrentWorkingView;USA;1/7/10;42126;19425;27375;3793867;3793867;99.97959235;2010;;;;;;;;;;;;;;;51.3;;2;4481.12;1747.3;570788
CurrentWorkingView;USA;1/8/10;42854;21625;26574;;3793867;100.1176306;2010;;;;;;;;;;;;;;;51.3;;;2643.38;3259.06;569217
CurrentWorkingView;USA;1/9/10;41933;27714;29701;;3793867;100.1758727;2010;;;;;;;;;;;;;;;51.3;;1;2160.73;4091.14;526107
CurrentWorkingView;USA;1/10/10;43303;20196;28692;3897315;3897315;100.3006115;2010;;;;;;;;;;;;;;;51.3;;1;1689.55;4481.12;545519
CurrentWorkingView;USA;1/11/10;43642;21787;27588;;3897315;100.3428026;2010;;;;;;;;;;;;;;;51.3;;2;1633.12;2643.38;520999
CurrentWorkingView;USA;1/12/10;41918;29225;30157;;3897315;100.5152358;2010;;;;;;;;;;;;;;;51.3;;1;4125.61;2160.73;539382
CurrentWorkingView;USA;1/1/11;43150;20285;26299;3764835;3764835;100.994013;2011;;;;;;;;;;;;;;;54.2;;2;2951.02;1689.55;494400
CurrentWorkingView;USA;1/2/11;44224;21891;24527;;3764835;101.4920513;2011;;;;;;;;;;;;;;;54.2;;1;3133.58;1633.12;455516
CurrentWorkingView;USA;1/3/11;43777;26451;29024;;3764835;102.4817076;2011;;;;;;;;;;;;;;;54.2;;;1684.98;4125.61;526687
CurrentWorkingView;USA;1/4/11;44870;20681;27955;3893028;3893028;103.1416314;2011;;;;;;;;;;;;;;;54.2;;;2804.14;2951.02;507024
CurrentWorkingView;USA;1/5/11;45669;21465;26420;;3893028;103.6268289;2011;;;;;;;;;;;;;;;54.2;;1;3551.65;3133.58;520612
CurrentWorkingView;USA;1/6/11;44839;26462;29557;;3893028;103.515848;2011;;;;;;;;;;;;;;;54.2;;;3529.58;1684.98;528588
CurrentWorkingView;USA;1/7/11;46055;19645;26285;3927583;3927583;103.6075678;2011;;;;;;;;;;;;;;;54.2;;1;3520.75;2804.14;547219
CurrentWorkingView;USA;1/8/11;46489;22267;27752;;3927583;103.8932749;2011;;;;;;;;;;;;;;;54.2;;;3808.9;3551.65;541442
CurrentWorkingView;USA;1/9/11;45055;28090;30115;;3927583;104.0510329;2011;;;;;;;;;;;;;;;54.2;;1;1790.13;3529.58;487468
CurrentWorkingView;USA;1/10/11;45865;22926;28781;4014288;4014288;103.8364086;2011;;;;;;;;;;;;;;;54.2;;1;1322.86;3520.75;504397
CurrentWorkingView;USA;1/11/11;46005;21642;26634;;4014288;103.7488162;2011;;;;;;;;;;;;;;;54.2;;2;1222.84;3808.9;478040
CurrentWorkingView;USA;1/12/11;43880;28870;29602;;4014288;103.4929181;2011;;;;;;;;;;;;;;;54.2;;1;1642.61;1790.13;493888
CurrentWorkingView;USA;1/1/12;45134;19119;25480;3960259;3960259;103.9483067;2012;;;;;;;;;;;;;;;57.4;;3;2657.77;1322.86;486133
CurrentWorkingView;USA;1/2/12;45195;22668;24999;;3960259;104.4059884;2012;;;;;;;;;;;;;;;57.4;;1;1628;1222.84;464826
CurrentWorkingView;USA;1/3/12;44771;26428;28012;;3960259;105.1989058;2012;;;;;;;;;;;;;;;57.4;;;2656.83;1642.61;521628
CurrentWorkingView;USA;1/4/12;45470;21219;25454;4047165;4047165;105.5167148;2012;;;;;;;;;;;;;;;57.4;;;1960.63;2657.77;505218
CurrentWorkingView;USA;1/5/12;45401;21800;25753;;4047165;105.3928931;2012;;;;;;;;;;;;;;;57.4;;1;3020.23;1628;518423
CurrentWorkingView;USA;1/6/12;43746;24310;28676;;4047165;105.2383453;2012;;;;;;;;;;;;;;;57.4;;;2612.5;2656.83;526933
CurrentWorkingView;USA;1/7/12;44931;18496;24340;4086346;4086346;105.0668293;2012;;;;;;;;;;;;;;;57.4;;1;4461.19;1960.63;545131
CurrentWorkingView;USA;1/8/12;45166;19452;23780;;4086346;105.6515428;2012;;;;;;;;;;;;;;;57.4;;;2874.02;3020.23;540793
CurrentWorkingView;USA;1/9/12;43970;24708;27554;;4086346;106.1229825;2012;;;;;;;;;;;;;;;57.4;;1;1650.18;2612.5;490199
CurrentWorkingView;USA;1/10/12;44552;19972;25704;4160201;4160201;106.0817086;2012;;;;;;;;;;;;;;;57.4;;1;1286.92;4461.19;515254
CurrentWorkingView;USA;1/11/12;44765;19739;24683;;4160201;105.5790842;2012;;;;;;;;;;;;;;;57.4;;3;1067.99;2874.02;488006
CurrentWorkingView;USA;1/12/12;42537;27334;29153;;4160201;105.2947529;2012;;;;;;;;;;;;;;;57.4;;1;2923.2;1650.18;494218
CurrentWorkingView;USA;1/1/13;43707;17217;22273;4065318;4065318;105.6061416;2013;;;;;;;;;;;;;;;59;;2;2792.01;1286.92;509519
CurrentWorkingView;USA;1/2/13;43515;18645;22505;;4065318;106.471059;2013;;;;;;;;;;;;;;;59;;1;2619.08;1067.99;469746
CurrentWorkingView;USA;1/3/13;42286;23081;28339;;4065318;106.7494285;2013;;;;;;;;;;;;;;;59;;;2621.12;2923.2;552312
CurrentWorkingView;USA;1/4/13;43144;19374;24128;4177428;4177428;106.6384476;2013;;;;;;;;;;;;;;;59;;;3015.98;2792.01;536393
CurrentWorkingView;USA;1/5/13;43637;20588;24459;;4177428;106.8283075;2013;;;;;;;;;;;;;;;59;;1;3212.35;2619.08;548642
CurrentWorkingView;USA;1/6/13;42946;24870;28959;;4177428;107.0846642;2013;;;;;;;;;;;;;;;59;;;5730.93;2621.12;552141
CurrentWorkingView;USA;1/7/13;43690;18068;23958;4249371;4249371;107.1268553;2013;;;;;;;;;;;;;;;59;;1;4361.41;3015.98;571623
CurrentWorkingView;USA;1/8/13;43556;18600;24994;;4249371;107.2557216;2013;;;;;;;;;;;;;;;59;;;2754.72;3212.35;562921
CurrentWorkingView;USA;1/9/13;42740;25096;29381;;4249371;107.3804605;2013;;;;;;;;;;;;;;;59;;1;2064.41;5730.93;510806
CurrentWorkingView;USA;1/10/13;42945;20263;25457;4351081;4351081;107.1039254;2013;;;;;;;;;;;;;;;59;;1;1171.89;4361.41;535344
CurrentWorkingView;USA;1/11/13;43163;20107;25223;;4351081;106.8851737;2013;;;;;;;;;;;;;;;59;;2;1557.64;2754.72;503296
CurrentWorkingView;USA;1/12/13;41764;25216;29738;;4351081;106.8760018;2013;;;;;;;;;;;;;;;59;;1;4915.47;2064.41;516739
CurrentWorkingView;USA;1/1/14;42320;17767;23220;4203940;4203940;107.2736069;2014;;;;;;;;;;;;;;;59.7;;2;5959.57;1171.89;471949
CurrentWorkingView;USA;1/2/14;42713;19438;22473;;4203940;107.6702949;2014;;;;;;;;;;;;;;;59.7;;1;3185.67;1557.64;430602
CurrentWorkingView;USA;1/3/14;41647;25249;28445;;4203940;108.3636964;2014;;;;;;;;;;;;;;;59.7;;;1966.47;4915.47;503758
CurrentWorkingView;USA;1/4/14;41961;19495;24247;4360754;4360754;108.7209449;2014;;;;;;;;;;;;;;;59.7;;;1935.74;5959.57;483499
CurrentWorkingView;USA;1/5/14;43050;19536;23929;;4360754;109.1006647;2014;;;;;;;;;;;;;;;59.7;;1;2834.86;3185.67;499278
CurrentWorkingView;USA;1/6/14;41765;25422;29304;;4360754;109.303824;2014;;;;;;;;;;;;;;;59.7;;;4507.15;1966.47;502617
CurrentWorkingView;USA;1/7/14;42429;18616;24748;4454942;4454942;109.2611743;2014;;;;;;;;;;;;;;;59.7;;1;3663.27;1935.74;520880
CurrentWorkingView;USA;1/8/14;42786;19976;24964;;4454942;109.078652;2014;;;;;;;;;;;;;;;59.7;;;3432.33;2834.86;507491
CurrentWorkingView;USA;1/9/14;41577;24933;28167;;4454942;109.1607412;2014;;;;;;;;;;;;;;;59.7;;1;1824.5;4507.15;469489
CurrentWorkingView;USA;1/10/14;42304;19609;24635;4531052;4531052;108.8864991;2014;;;;;;;;;;;;;;;59.7;;1;1654.33;3663.27;491011
CurrentWorkingView;USA;1/11/14;42037;18474;23517;;4531052;108.2985754;2014;;;;;;;;;;;;;;;59.7;;2;2129.55;3432.33;462054
CurrentWorkingView;USA;1/12/14;40319;24152;28154;;4531052;107.6845115;2014;;;;;;;;;;;;;;;59.7;;1;1941.94;1824.5;477183
CurrentWorkingView;USA;1/1/15;41719;16465;21462;4389973;4389973;107.1777598;2015;;;;;;;;;;;;;;;60.5;95.8;2;3311.58;1654.33;469968
CurrentWorkingView;USA;1/2/15;42808;17551;21357;;4389973;107.6432376;2015;;;;;;;;;;;;;;;60.5;95.8;1;4580.42;2129.55;429191
CurrentWorkingView;USA;1/3/15;42083;24801;27563;;4389973;108.2839002;2015;;;;;;;;;;;;;;;60.5;95.8;;2348.12;1941.94;504312
CurrentWorkingView;USA;1/4/15;43317;18849;23848;4556248;4556248;108.5040276;2015;;;;;;;;;;;;;;;60.5;95.8;;2772.98;3311.58;485151
CurrentWorkingView;USA;1/5/15;43826;18872;23368;;4556248;109.0570978;2015;;;;;;;;;;;;;;;60.5;95.8;1;3639.07;4580.42;496993
CurrentWorkingView;USA;1/6/15;43404;24007;28627;;4556248;109.4391107;2015;;;;;;;;;;;;;;;60.5;95.8;;4362.28;2348.12;503897
CurrentWorkingView;USA;1/7/15;44342;18543;23970;4605088;4605088;109.4464483;2015;;;;;;;;;;;;;;;60.5;95.8;2;3246.54;2772.98;520718
CurrentWorkingView;USA;1/8/15;44392;19361;25274;;4605088;109.2914419;2015;;;;;;;;;;;;;;;60.5;95.8;;3453.29;3639.07;510536
CurrentWorkingView;USA;1/9/15;42856;23804;28170;;4605088;109.1213017;2015;;;;;;;;;;;;;;;60.5;95.8;1;2021.54;4362.28;464946
CurrentWorkingView;USA;1/10/15;43531;19163;24949;4654715;4654715;109.0722316;2015;;;;;;;;;;;;;;;60.5;95.8;1;1166.03;3246.54;486165
CurrentWorkingView;USA;1/11/15;43510;18944;25014;;4654715;108.842015;2015;;;;;;;;;;;;;;;60.5;95.8;2;1985.02;3453.29;467972
CurrentWorkingView;USA;1/12/15;42062;24510;28087;;4654715;108.4700913;2015;;;;;;;;;;;;;;;60.5;95.8;2;3149.84;2021.54;479230
CurrentWorkingView;USA;1/1/16;43001;17725;21948;4496788;4496788;108.6494035;2016;;;;;;;;;;;;;;;61.7;95.9;2;2243.19;1166.03;445827
CurrentWorkingView;USA;1/2/16;43681;19608;22150;;4496788;108.7388303;2016;;;;;;;;;;;;;;;61.7;95.9;1;2021.63;1985.02;423889
CurrentWorkingView;USA;1/3/16;43109;24449;27002;;4496788;109.2070597;2016;;;;;;;;;;;;;;;61.7;95.9;;2169.28;3149.84;479122
CurrentWorkingView;USA;1/4/16;43984;19879;22785;4666051;4666051;109.7248178;2016;;;;;;;;;;;;;;;61.7;95.9;;1584.88;2243.19;461630
CurrentWorkingView;USA;1/5/16;44309;20425;23280;;4666051;110.1687414;2016;;;;;;;;;;;;;;;61.7;95.9;1;2483.57;2021.63;479358
CurrentWorkingView;USA;1/6/16;43247;24601;27655;;4666051;110.5305759;2016;;;;;;;;;;;;;;;61.7;95.9;;3336.74;2169.28;487637
CurrentWorkingView;USA;1/7/16;44090;19160;23583;4720618;4720618;110.3517224;2016;;;;;;;;;;;;;;;61.7;95.9;1;4343.36;1584.88;502457
CurrentWorkingView;USA;1/8/16;44403;20208;25476;;4720618;110.4530727;2016;;;;;;;;;;;;;;;61.7;95.9;;3314.6;2483.57;498347
CurrentWorkingView;USA;1/9/16;42906;24646;27705;;4720618;110.7186015;2016;;;;;;;;;;;;;;;61.7;95.9;1;1937.69;3336.74;454878
CurrentWorkingView;USA;1/10/16;43526;20115;25317;4811649;4811649;110.8566397;2016;;;;;;;;;;;;;;;61.7;95.9;1;846.28;4343.36;472626
CurrentWorkingView;USA;1/11/16;43457;19530;25412;;4811649;110.6842065;2016;;;;;;;;;;;;;;;61.7;95.9;2;1172.75;3314.6;450938
CurrentWorkingView;USA;1/12/16;41677;25222;28502;;4811649;110.7204359;2016;;;;;;;;;;;;;;;61.7;95.9;2;3204.45;1937.69;460949
CurrentWorkingView;USA;1/1/17;43099;18340;23410;4647311;4647311;111.3656844;2017;;;;;;;;;;;;;;;61.5;96.2;3;3249.44;846.28;450017
CurrentWorkingView;USA;1/2/17;43927;19618;21940;;4647311;111.7160539;2017;;;;;;;;;;;;;;;61.5;96.2;1;1906.7;1172.75;410517
CurrentWorkingView;USA;1/3/17;42967;24258;27124;;4647311;111.8068565;2017;;;;;;;;;;;;;;;61.5;96.2;;1966.55;3204.45;488597
CurrentWorkingView;USA;1/4/17;43861;19624;22819;4857936;4857936;112.1384235;2017;;;;;;;;;;;;;;;61.5;96.2;;2967.65;3249.44;468329
CurrentWorkingView;USA;1/5/17;44424;20029;23687;;4857936;112.2342706;2017;;;;;;;;;;;;;;;61.5;96.2;1;1823.45;1906.7;486483
CurrentWorkingView;USA;1/6/17;43647;23712;27757;;4857936;112.3360796;2017;;;;;;;;;;;;;;;61.5;96.2;;3452.46;1966.55;494266
CurrentWorkingView;USA;1/7/17;44506;19751;23890;4920944;4920944;112.2585764;2017;;;;;;;;;;;;;;;61.5;96.2;1;4196.47;2967.65;509070
CurrentWorkingView;USA;1/8/17;44915;20616;25917;;4920944;112.5947293;2017;;;;;;;;;;;;;;;61.5;96.2;;3123.87;1823.45;510451
CurrentWorkingView;USA;1/9/17;43802;25687;28411;;4920944;113.1909078;2017;;;;;;;;;;;;;;;61.5;96.2;1;1452.73;3452.46;458727
CurrentWorkingView;USA;1/10/17;44605;21390;25970;5050987;5050987;113.1193664;2017;;;;;;;;;;;;;;;61.5;96.2;1;1133.18;4196.47;479797
CurrentWorkingView;USA;1/11/17;44458;21737;26510;;5050987;113.122118;2017;;;;;;;;;;;;;;;61.5;96.2;3;705.4;3123.87;454162
CurrentWorkingView;USA;1/12/17;42829;25834;28857;;5050987;113.0556212;2017;;;;;;;;;;;;;;;61.5;96.2;2;2602.6;1452.73;464205
CurrentWorkingView;USA;1/1/18;44175;18765;23873;4923798;4923798;113.6715194;2018;0;0;0;42;;;;;;;;;;;61.2;96.1;2;3433.24;1133.18;494577
CurrentWorkingView;USA;1/2/18;45629;19918;22898;;4923798;114.1869845;2018;0;1;0;42;;;;;;;;;;;61.2;96.1;1;1993.32;705.4;398713
CurrentWorkingView;USA;1/3/18;44672;24718;27413;;4923798;114.4451757;2018;0;0;0;32;;;;;;;;;;;61.2;96.1;;1491.84;2602.6;474578
CurrentWorkingView;USA;1/4/18;45820;20435;24079;5135597;5135597;114.9001057;2018;0;0;0;27;;;;;;;;;;;61.2;96.1;;2058.3;3433.24;517442
CurrentWorkingView;USA;1/5/18;46317;21199;24724;;5135597;115.3779657;2018;0;1;0;60;;;;;;;;;;;61.2;96.1;1;2899;1993.32;477393
CurrentWorkingView;USA;1/6/18;45607;24711;28455;;5135597;115.5618638;2018;0;0;0;41;;;;;;;;;;;61.2;96.1;;4253.67;1491.84;480609
CurrentWorkingView;USA;1/7/18;46371;20433;24937;5187829;5187829;115.56966;2018;0;0;0;54;;;;;;;;;;;61.2;96.1;1;4790.77;2058.3;501590
CurrentWorkingView;USA;1/8/18;46613;21343;26737;;5187829;115.6338639;2018;0;0;0;38;;;;;;;;;;;61.2;96.1;;5620.83;2899;578922
CurrentWorkingView;USA;1/9/18;46275;25229;28819;;5187829;115.7682333;2018;0;0;0;19;;;;;;;;;;;61.2;96.1;1;3903.15;4253.67;585749
CurrentWorkingView;USA;1/10/18;46631;22027;26904;5285745;5285745;115.9727684;2018;0;0;0;26;;;;;;;;;;;61.2;96.1;1;2565.06;4790.77;616101
CurrentWorkingView;USA;1/11/18;46839;22022;27111;;5285745;115.5843352;2018;0;0;0;28;;;;;;;;;;;61.2;96.1;3;2992.2;5620.83;586178
CurrentWorkingView;USA;1/12/18;46003;27153;29891;;5285745;115.2151631;2018;0;0;0;24;;;;;;;;;;;61.2;96.1;2;2950.52;3903.15;593842
CurrentWorkingView;USA;1/1/19;47273;19895;24117;5120261;5120261;115.434832;2019;1;0;0;29;;;;;;;;;;;60.7;95.5;2;4119.19;2565.06;583985
CurrentWorkingView;USA;1/2/19;47696;20457;23896;;5120261;115.9227811;2019;0;0;0;33;;;;;;;;;;;60.7;95.5;1;4355.88;2992.2;533175
CurrentWorkingView;USA;1/3/19;46566;26108;27935;;5120261;116.5767431;2019;0;0;0;40;;;;;;;;;;;60.7;95.5;;2457.83;2950.52;632074
CurrentWorkingView;USA;1/4/19;47676;21502;24819;5352103;5352103;117.1940171;2019;0;0;0;27;;;;;;;;;;;60.7;95.5;;3490.93;4119.19;612023
CurrentWorkingView;USA;1/5/19;47974;21860;25491;;5352103;117.4434949;2019;0;0;0;20;;;;;;;;;;;60.7;95.5;1;4792.78;4355.88;636390
CurrentWorkingView;USA;1/6/19;47353;25248;28771;;5352103;117.4668834;2019;0;0;0;18;;;;;;;;;;;60.7;95.5;;6238.13;2457.83;636691
CurrentWorkingView;USA;1/7/19;47815;20599;25008;5397764;5397764;117.6631637;2019;0;0;0;46;;;;;;;;;;;60.7;95.5;1;6407.34;3490.93;659029
CurrentWorkingView;USA;1/8/19;48188;21489;26585;;5397764;117.657202;2019;0;0;0;21;;;;;;;;;;;60.7;95.5;;5102.03;4792.78;658461
CurrentWorkingView;USA;1/9/19;47619;25787;28947;;5397764;117.7493803;2019;0;0;0;22;;;;;;;;;;;60.7;95.5;1;2212.31;6238.13;605979
CurrentWorkingView;USA;1/10/19;47783;21592;26031;5511056;5511056;118.0185778;2019;0;0;0;27;;;;;;;;;;;60.7;95.5;1;2301.59;6407.34;636014
CurrentWorkingView;USA;1/11/19;48172;21108;26172;;5511056;117.9552912;2019;0;0;0;16;;;;;;;;;;;60.7;95.5;2;1663.36;5102.03;602453
CurrentWorkingView;USA;1/12/19;46636;26611;29427;;5511056;117.8479791;2019;0;0;0;28;;;;;;;;;;;60.7;95.5;2;3161.16;2212.31;625763
CurrentWorkingView;USA;1/1/20;47842;19146;23076;5254152;5254152;118.3052021;2020;0;0;0;25;;;;;;;;;1.712437468;0.036915646;;95.5;2;3276.86;2301.59;607346
CurrentWorkingView;USA;1/2/20;48285;20028;23417;;5254152;118.6294315;2020;0;0;0;21;;;;;;;;;13.90189932;0.502673797;;95.5;1;3139.06;1663.36;574268
CurrentWorkingView;USA;1/3/20;47897;24887;27198;;5254152;118.3712403;2020;0;1;0;25;;;;;;;;;134.8381922;7.633948594;;95.5;;1093.09;3161.16;648229
CurrentWorkingView;USA;1/4/20;49031;19901;23116;4930197;4930197;117.5796987;2020;0;0;0;21;;;;;;;;;429.3042781;36.74581105;;95.5;;294.84;3276.86;313382
CurrentWorkingView;USA;1/5/20;49438;19929;23664;;4930197;117.5819917;2020;0;0;0;15;;;;;;;;;498.0053476;26.59927549;;95.5;1;419.17;3139.06;180617
CurrentWorkingView;USA;1/6/20;48945;23661;27378;;4930197;118.2254059;2020;0;0;0;20;;;;;;;;;760.3912656;25.69180036;;95.5;;1175.27;1093.09;223732
CurrentWorkingView;USA;1/7/20;49404;19682;24441;5349433;5349433;118.8234188;2020;0;0;0;31;;;;;;;;;1223.765051;30.34034846;;95.5;2;2432.43;294.84;352888
CurrentWorkingView;USA;1/8/20;49186;20962;26452;;5349433;119.1980941;2020;1;0;0;36;;;;;;;;;1368.491289;31.57857513;;95.5;;2511.16;419.17;376715
CurrentWorkingView;USA;1/9/20;48442;25069;29568;;5349433;119.3641068;2020;0;0;0;21;;;;;;;;;1511.006952;30.0285205;;95.5;1;1180.94;1175.27;323347
CurrentWorkingView;USA;1/10/20;48984;22252;26947;5539370;5539370;119.4136355;2020;0;0;0;37;;;;;;;;;2079.876143;31.86562015;;95.5;1;1444.62;2432.43;352106
CurrentWorkingView;USA;1/11/20;49176;22158;27221;;5539370;119.3407183;2020;0;0;0;33;;;;;;;;;3061.563102;49.4399287;;95.5;2;1016.67;2511.16;364367
CurrentWorkingView;USA;1/12/20;47650;27392;29799;;5539370;119.453075;2020;0;0;0;34;;;;;;;;;3503.272382;61.32654821;;95.5;2;1663.27;1180.94;371357
CurrentWorkingView;USA;1/1/21;48823;19531;24303;5444406;5444406;119.9612025;2021;0;0;0;28;;;;;;;;;3366.604796;72.62808349;;;2;1676.43;1444.62;361428
CurrentWorkingView;USA;1/2/21;49137;20074;24004;;5444406;120.6179161;2021;0;0;0;19;;;;;;;;;2140.452827;59.30099312;;;1;3769.52;1016.67;332468
CurrentWorkingView;USA;1/3/21;48510;26035;28892;;5444406;121.4722857;2021;0;1;0;24;;;;;;;;;2534.692772;51.54252199;;;;1602.81;1663.27;444476
CurrentWorkingView;USA;1/4/21;49257;20987;24949;5784816;5784816;122.4706554;2021;0;1;0;17;;;;;;;;;4008.936364;67.24385027;;;;1879.21;1676.43;450637
CurrentWorkingView;USA;1/5/21;49860;21141;25504;;5784816;123.4525155;2021;0;0;0;20;;;;;;;;;3371.793514;65.28273245;;;1;3355.52;3769.52;495544
CurrentWorkingView;USA;1/6/21;49689;24816;28881;;5784816;124.5994712;2021;0;1;0;17;;;;;;;;;2023.420677;50.46862745;;;;6804.96;1602.81;546124
CurrentWorkingView;USA;1/7/21;50172;20337;25433;5883177;5883177;125.1988599;2021;0;1;0;32;;;;;;;;;2672.962739;46.52044161;;;2;7147.32;1879.21;583258
CurrentWorkingView;USA;1/8/21;50240;22006;27438;;5883177;125.4575097;2021;0;0;0;21;;;;;;;;;3410.095567;51.65344144;;;;6673.24;3355.52;579179
CurrentWorkingView;USA;1/9/21;50036;26156;30400;;5883177;125.7982486;2021;0;5;0;15;;;;;;;;;2847.665241;46.86292335;;;1;2640.12;6804.96;538051
CurrentWorkingView;USA;1/10/21;50459;22214;27206;6203369;6203369;126.8433954;2021;0;0;0;26;;;;;;;;;2237.196136;37.14731758;;;1;2871.56;7147.32;564788
CurrentWorkingView;USA;1/11/21;50913;23339;27575;;6203369;127.4666312;2021;0;0;0;15;;;;;;;;;2783.924421;38.2483066;;;2;1566.46;6673.24;547559
CurrentWorkingView;USA;1/12/21;49703;28556;30791;;6203369;127.8582746;2021;0;2;0;36;;;;;;;;;4419.964637;38.19303088;;;4;4242.86;2640.12;551885
CurrentWorkingView;USA;1/1/22;51100;20776;25317;6010733;6010733;128.9341475;2022;0;0;0;29;;;;;;;;;15568.67742;41.1202346;;;2;3814.98;2871.56;537902
CurrentWorkingView;USA;1/2/22;51242;20845;25527;;6010733;130.1118293;2022;0;1;0;27;;;;;;;;;11054.18755;52.91482047;;;1;3418.29;1566.46;495713
CurrentWorkingView;USA;1/3/22;50844;27266;30200;;6010733;131.8490017;2022;0;2;0;24;;;;;;;;;8832.285147;33.04726583;;;;3452.47;4242.86;564853
CurrentWorkingView;USA;1/4/22;52042;21647;25838;6352982;6352982;132.5850529;2022;0;0;0;24;;;;;;;;;4485.707487;15.43814617;;;;3367.01;3814.98;556502
CurrentWorkingView;USA;1/5/22;52344;22166;26926;;6352982;134.0466074;2022;0;0;0;21;;;;;;;;;2807.179231;8.894600656;;;1;4401.83;3418.29;578819
CurrentWorkingView;USA;1/6/22;52151;26647;31441;;6352982;135.8878818;2022;0;4;0;110;;;;;;;;;3164.553298;7.885918004;;;;;3452.47;
CurrentWorkingView;USA;1/7/22;52755;21803;27226;6439154;6439154;135.8718308;2022;0;2;0;75;3.022988506;3.06185567;3.017871018;2.88976378;;;;;5109.662584;10.49577368;;;1;;3367.01;
CurrentWorkingView;USA;1/8/22;52815;23357;29477;;6439154;135.8236779;2022;0;1;0;148;3.15444177;4.673895582;4.387569037;4.213675214;94;646;0;102;4429.757461;12.93099879;;;;;4401.83;